<?xml version="1.0"?>
<OSCOutputGroup>
  <oscMessage>/wek/outputs</oscMessage>
  <hostName>localhost</hostName>
  <outputPort>12000</outputPort>
  <outputs class="linked-list">
    <wekimini.osc.OSCDtwOutput>
      <name>output</name>
      <numGestures>5</numGestures>
      <gestureNames>
        <string>output_1</string>
        <string>output_2</string>
        <string>output_3</string>
        <string>output_4</string>
        <string>output_5</string>
      </gestureNames>
      <gestureOscMessages>
        <string>/output_1</string>
        <string>/output_2</string>
        <string>/output_3</string>
        <string>/output_4</string>
        <string>/output_5</string>
      </gestureOscMessages>
      <outputOscMessage>output</outputOscMessage>
    </wekimini.osc.OSCDtwOutput>
  </outputs>
</OSCOutputGroup>